{"cameraMode":{"drawMode":0,"name":"Shaded","section":"Shading Mode"},"sceneLighting":true,"audioPlay":false,"sceneViewState":{"showFog":true,"showMaterialUpdate":false,"showSkybox":true,"showFlares":true,"showImageEffects":true,"showParticleSystems":true},"in2DMode":false,"pivot":{"x":0.01253819465637207,"y":-0.010988950729370118,"z":-0.004847288131713867},"rotation":{"x":-0.3379625678062439,"y":0.48174959421157839,"z":-0.20841626822948457,"w":-0.7811943292617798},"size":3.007394790649414,"orthographic":false}